Institute,Academic Program Name,Quota,Seat Type,Gender,Opening Rank,Closing Rank
"Assam University, Silchar","Agricultural Engineering (4 Years, Bachelor of Technology)",AI,OPEN,Gender-Neutral,44634,57812
"Assam University, Silchar","Agricultural Engineering (4 Years, Bachelor of Technology)",AI,OPEN,Female-only (including Supernumerary),54981,56345
"Assam University, Silchar","Agricultural Engineering (4 Years, Bachelor of Technology)",AI,OBC-NCL,Gender-Neutral,15903,17411
"Assam University, Silchar","Agricultural Engineering (4 Years, Bachelor of Technology)",AI,OBC-NCL,Female-only (including Supernumerary),20319,20319
"Assam University, Silchar","Agricultural Engineering (4 Years, Bachelor of Technology)",AI,SC,Gender-Neutral,9236,10992
"Assam University, Silchar","Agricultural Engineering (4 Years, Bachelor of Technology)",AI,ST,Gender-Neutral,5176,5176
"Assam University, Silchar","Agricultural Engineering (4 Years, Bachelor of Technology)",HS,OPEN,Gender-Neutral,261215,368993
"Assam University, Silchar","Agricultural Engineering (4 Years, Bachelor of Technology)",HS,OPEN,Female-only (including Supernumerary),365089,365089
"Assam University, Silchar","Agricultural Engineering (4 Years, Bachelor of Technology)",HS,OBC-NCL,Gender-Neutral,163987,193316
"Assam University, Silchar","Agricultural Engineering (4 Years, Bachelor of Technology)",HS,OBC-NCL,Female-only (including Supernumerary),390915,390915
"Assam University, Silchar","Agricultural Engineering (4 Years, Bachelor of Technology)",HS,SC,Gender-Neutral,26622,26664
"Assam University, Silchar","Agricultural Engineering (4 Years, Bachelor of Technology)",HS,SC,Female-only (including Supernumerary),32976,32976
"Assam University, Silchar","Agricultural Engineering (4 Years, Bachelor of Technology)",HS,ST,Gender-Neutral,9111,9124
"Assam University, Silchar","Computer Science and Engineering (4 Years, Bachelor of Technology)",AI,OPEN,Gender-Neutral,20120,43264
"Assam University, Silchar","Computer Science and Engineering (4 Years, Bachelor of Technology)",AI,OPEN,Female-only (including Supernumerary),37278,42504
"Assam University, Silchar","Computer Science and Engineering (4 Years, Bachelor of Technology)",AI,OBC-NCL,Gender-Neutral,13704,15046
"Assam University, Silchar","Computer Science and Engineering (4 Years, Bachelor of Technology)",AI,OBC-NCL,Female-only (including Supernumerary),17949,17949
"Assam University, Silchar","Computer Science and Engineering (4 Years, Bachelor of Technology)",AI,SC,Gender-Neutral,6555,8794
"Assam University, Silchar","Computer Science and Engineering (4 Years, Bachelor of Technology)",AI,ST,Gender-Neutral,5530,5530
"Assam University, Silchar","Computer Science and Engineering (4 Years, Bachelor of Technology)",HS,OPEN,Gender-Neutral,62484,186937
"Assam University, Silchar","Computer Science and Engineering (4 Years, Bachelor of Technology)",HS,OPEN,Female-only (including Supernumerary),80644,80644
"Assam University, Silchar","Computer Science and Engineering (4 Years, Bachelor of Technology)",HS,OBC-NCL,Gender-Neutral,77203,99531
"Assam University, Silchar","Computer Science and Engineering (4 Years, Bachelor of Technology)",HS,OBC-NCL,Female-only (including Supernumerary),66995,66995
"Assam University, Silchar","Computer Science and Engineering (4 Years, Bachelor of Technology)",HS,SC,Gender-Neutral,15245,20334
"Assam University, Silchar","Computer Science and Engineering (4 Years, Bachelor of Technology)",HS,SC,Female-only (including Supernumerary),24463,24463
"Assam University, Silchar","Computer Science and Engineering (4 Years, Bachelor of Technology)",HS,ST,Gender-Neutral,7084,8261
"Assam University, Silchar","Electronics and Communication Engineering (4 Years, Bachelor of Technology)",AI,OPEN,Gender-Neutral,40080,46911
"Assam University, Silchar","Electronics and Communication Engineering (4 Years, Bachelor of Technology)",AI,OPEN,Female-only (including Supernumerary),53716,54356
"Assam University, Silchar","Electronics and Communication Engineering (4 Years, Bachelor of Technology)",AI,OBC-NCL,Gender-Neutral,14267,16336
"Assam University, Silchar","Electronics and Communication Engineering (4 Years, Bachelor of Technology)",AI,OBC-NCL,Female-only (including Supernumerary),18104,18104
"Assam University, Silchar","Electronics and Communication Engineering (4 Years, Bachelor of Technology)",AI,SC,Gender-Neutral,6401,10316
"Assam University, Silchar","Electronics and Communication Engineering (4 Years, Bachelor of Technology)",AI,ST,Gender-Neutral,6861,6861
"Assam University, Silchar","Electronics and Communication Engineering (4 Years, Bachelor of Technology)",HS,OPEN,Gender-Neutral,96709,297996
"Assam University, Silchar","Electronics and Communication Engineering (4 Years, Bachelor of Technology)",HS,OPEN,Female-only (including Supernumerary),229687,291061
"Assam University, Silchar","Electronics and Communication Engineering (4 Years, Bachelor of Technology)",HS,OBC-NCL,Gender-Neutral,104594,135478
"Assam University, Silchar","Electronics and Communication Engineering (4 Years, Bachelor of Technology)",HS,OBC-NCL,Female-only (including Supernumerary),110011,110011
"Assam University, Silchar","Electronics and Communication Engineering (4 Years, Bachelor of Technology)",HS,SC,Gender-Neutral,19142,20677
"Assam University, Silchar","Electronics and Communication Engineering (4 Years, Bachelor of Technology)",HS,ST,Gender-Neutral,8509,8649
"Birla Institute of Technology, Mesra, Ranchi","Architecture (5 Years, Bachelor of Architecture)",HS,OPEN,Gender-Neutral,2015,3869
"Birla Institute of Technology, Mesra, Ranchi","Architecture (5 Years, Bachelor of Architecture)",HS,SC,Gender-Neutral,774,1258
"Birla Institute of Technology, Mesra, Ranchi","Architecture (5 Years, Bachelor of Architecture)",HS,ST,Gender-Neutral,196,826
"Birla Institute of Technology, Mesra, Ranchi","Architecture (5 Years, Bachelor of Architecture)",OS,OPEN,Gender-Neutral,902,1802
"Birla Institute of Technology, Mesra, Ranchi","Architecture (5 Years, Bachelor of Architecture)",OS,Open (PwD),Gender-Neutral,159,159
"Birla Institute of Technology, Mesra, Ranchi","Architecture (5 Years, Bachelor of Architecture)",OS,SC,Gender-Neutral,312,359
"Birla Institute of Technology, Mesra, Ranchi","Architecture (5 Years, Bachelor of Architecture)",OS,ST,Gender-Neutral,178,178
"Birla Institute of Technology, Mesra, Ranchi","Bio Technology (4 Years, Bachelor of Technology)",HS,OPEN,Gender-Neutral,53751,63895
"Birla Institute of Technology, Mesra, Ranchi","Bio Technology (4 Years, Bachelor of Technology)",HS,SC,Gender-Neutral,20150,22538
"Birla Institute of Technology, Mesra, Ranchi","Bio Technology (4 Years, Bachelor of Technology)",HS,ST,Gender-Neutral,17655,17655
"Birla Institute of Technology, Mesra, Ranchi","Bio Technology (4 Years, Bachelor of Technology)",OS,OPEN,Gender-Neutral,34330,42347
"Birla Institute of Technology, Mesra, Ranchi","Bio Technology (4 Years, Bachelor of Technology)",OS,Open (PwD),Gender-Neutral,1329,1329
"Birla Institute of Technology, Mesra, Ranchi","Bio Technology (4 Years, Bachelor of Technology)",OS,SC,Gender-Neutral,7999,9717
"Birla Institute of Technology, Mesra, Ranchi","Bio Technology (4 Years, Bachelor of Technology)",OS,ST,Gender-Neutral,5082,5372
"Birla Institute of Technology, Mesra, Ranchi","Chemical Engineering (4 Years, Bachelor of Technology)",HS,OPEN,Gender-Neutral,30378,49718
"Birla Institute of Technology, Mesra, Ranchi","Chemical Engineering (4 Years, Bachelor of Technology)",HS,SC,Gender-Neutral,7476,14216
"Birla Institute of Technology, Mesra, Ranchi","Chemical Engineering (4 Years, Bachelor of Technology)",HS,ST,Gender-Neutral,6005,25326
"Birla Institute of Technology, Mesra, Ranchi","Chemical Engineering (4 Years, Bachelor of Technology)",OS,OPEN,Gender-Neutral,23054,30232
"Birla Institute of Technology, Mesra, Ranchi","Chemical Engineering (4 Years, Bachelor of Technology)",OS,SC,Gender-Neutral,7765,9215
"Birla Institute of Technology, Mesra, Ranchi","Chemical Engineering (4 Years, Bachelor of Technology)",OS,ST,Gender-Neutral,3227,4136
"Birla Institute of Technology, Mesra, Ranchi","Chemical Engineering (Plastic and Polymer) (4 Years, Bachelor of Technology)",HS,OPEN,Gender-Neutral,51893,62021
"Birla Institute of Technology, Mesra, Ranchi","Chemical Engineering (Plastic and Polymer) (4 Years, Bachelor of Technology)",HS,SC,Gender-Neutral,22541,22733
"Birla Institute of Technology, Mesra, Ranchi","Chemical Engineering (Plastic and Polymer) (4 Years, Bachelor of Technology)",OS,OPEN,Gender-Neutral,32293,41368
"Birla Institute of Technology, Mesra, Ranchi","Chemical Engineering (Plastic and Polymer) (4 Years, Bachelor of Technology)",OS,SC,Gender-Neutral,9008,10017
"Birla Institute of Technology, Mesra, Ranchi","Chemical Engineering (Plastic and Polymer) (4 Years, Bachelor of Technology)",OS,ST,Gender-Neutral,3961,4929
"Birla Institute of Technology, Mesra, Ranchi","Civil Engineering (4 Years, Bachelor of Technology)",HS,OPEN,Gender-Neutral,35888,46334
"Birla Institute of Technology, Mesra, Ranchi","Civil Engineering (4 Years, Bachelor of Technology)",HS,SC,Gender-Neutral,13606,15604
"Birla Institute of Technology, Mesra, Ranchi","Civil Engineering (4 Years, Bachelor of Technology)",HS,ST,Gender-Neutral,4114,10344
"Birla Institute of Technology, Mesra, Ranchi","Civil Engineering (4 Years, Bachelor of Technology)",OS,OPEN,Gender-Neutral,21871,29518
"Birla Institute of Technology, Mesra, Ranchi","Civil Engineering (4 Years, Bachelor of Technology)",OS,Open (PwD),Gender-Neutral,2603,2603
"Birla Institute of Technology, Mesra, Ranchi","Civil Engineering (4 Years, Bachelor of Technology)",OS,SC,Gender-Neutral,4399,7253
"Birla Institute of Technology, Mesra, Ranchi","Civil Engineering (4 Years, Bachelor of Technology)",OS,ST,Gender-Neutral,2425,2972
"Birla Institute of Technology, Mesra, Ranchi","Computer Science and Engineering (4 Years, Bachelor of Technology)",HS,OPEN,Gender-Neutral,4732,12840
"Birla Institute of Technology, Mesra, Ranchi","Computer Science and Engineering (4 Years, Bachelor of Technology)",HS,Open (PwD),Gender-Neutral,593,861
"Birla Institute of Technology, Mesra, Ranchi","Computer Science and Engineering (4 Years, Bachelor of Technology)",HS,SC,Gender-Neutral,2794,5683
"Birla Institute of Technology, Mesra, Ranchi","Computer Science and Engineering (4 Years, Bachelor of Technology)",HS,ST,Gender-Neutral,476,6444
"Birla Institute of Technology, Mesra, Ranchi","Computer Science and Engineering (4 Years, Bachelor of Technology)",HS,S.T.(PwD),Gender-Neutral,49,49
"Birla Institute of Technology, Mesra, Ranchi","Computer Science and Engineering (4 Years, Bachelor of Technology)",OS,OPEN,Gender-Neutral,5445,10390
"Birla Institute of Technology, Mesra, Ranchi","Computer Science and Engineering (4 Years, Bachelor of Technology)",OS,Open (PwD),Gender-Neutral,134,517
"Birla Institute of Technology, Mesra, Ranchi","Computer Science and Engineering (4 Years, Bachelor of Technology)",OS,SC,Gender-Neutral,1584,2857
"Birla Institute of Technology, Mesra, Ranchi","Computer Science and Engineering (4 Years, Bachelor of Technology)",OS,ST,Gender-Neutral,706,1958
"Birla Institute of Technology, Mesra, Ranchi","Electrical and Electronics Engineering (4 Years, Bachelor of Technology)",HS,OPEN,Gender-Neutral,22928,29275
"Birla Institute of Technology, Mesra, Ranchi","Electrical and Electronics Engineering (4 Years, Bachelor of Technology)",HS,SC,Gender-Neutral,10464,14311
"Birla Institute of Technology, Mesra, Ranchi","Electrical and Electronics Engineering (4 Years, Bachelor of Technology)",HS,ST,Gender-Neutral,3468,13764
"Birla Institute of Technology, Mesra, Ranchi","Electrical and Electronics Engineering (4 Years, Bachelor of Technology)",OS,OPEN,Gender-Neutral,13506,19099
"Birla Institute of Technology, Mesra, Ranchi","Electrical and Electronics Engineering (4 Years, Bachelor of Technology)",OS,SC,Gender-Neutral,4912,5910
"Birla Institute of Technology, Mesra, Ranchi","Electrical and Electronics Engineering (4 Years, Bachelor of Technology)",OS,ST,Gender-Neutral,2260,2547
"Birla Institute of Technology, Mesra, Ranchi","Electronics and Communication Engineering (4 Years, Bachelor of Technology)",HS,OPEN,Gender-Neutral,13443,24848
"Birla Institute of Technology, Mesra, Ranchi","Electronics and Communication Engineering (4 Years, Bachelor of Technology)",HS,Open (PwD),Gender-Neutral,1567,1567
"Birla Institute of Technology, Mesra, Ranchi","Electronics and Communication Engineering (4 Years, Bachelor of Technology)",HS,SC,Gender-Neutral,5781,12349
"Birla Institute of Technology, Mesra, Ranchi","Electronics and Communication Engineering (4 Years, Bachelor of Technology)",HS,ST,Gender-Neutral,6991,16532
"Birla Institute of Technology, Mesra, Ranchi","Electronics and Communication Engineering (4 Years, Bachelor of Technology)",OS,OPEN,Gender-Neutral,10440,16716
"Birla Institute of Technology, Mesra, Ranchi","Electronics and Communication Engineering (4 Years, Bachelor of Technology)",OS,Open (PwD),Gender-Neutral,353,1067
"Birla Institute of Technology, Mesra, Ranchi","Electronics and Communication Engineering (4 Years, Bachelor of Technology)",OS,SC,Gender-Neutral,3735,5792
"Birla Institute of Technology, Mesra, Ranchi","Electronics and Communication Engineering (4 Years, Bachelor of Technology)",OS,ST,Gender-Neutral,779,2303
"Birla Institute of Technology, Mesra, Ranchi","Information Technology (4 Years, Bachelor of Technology)",HS,OPEN,Gender-Neutral,13658,19481
"Birla Institute of Technology, Mesra, Ranchi","Information Technology (4 Years, Bachelor of Technology)",HS,Open (PwD),Gender-Neutral,2135,2135
"Birla Institute of Technology, Mesra, Ranchi","Information Technology (4 Years, Bachelor of Technology)",HS,SC,Gender-Neutral,6226,8364
"Birla Institute of Technology, Mesra, Ranchi","Information Technology (4 Years, Bachelor of Technology)",HS,ST,Gender-Neutral,5970,16002
"Birla Institute of Technology, Mesra, Ranchi","Information Technology (4 Years, Bachelor of Technology)",OS,OPEN,Gender-Neutral,10422,11905
"Birla Institute of Technology, Mesra, Ranchi","Information Technology (4 Years, Bachelor of Technology)",OS,Open (PwD),Gender-Neutral,1072,1072
"Birla Institute of Technology, Mesra, Ranchi","Information Technology (4 Years, Bachelor of Technology)",OS,SC,Gender-Neutral,3172,5333
"Birla Institute of Technology, Mesra, Ranchi","Information Technology (4 Years, Bachelor of Technology)",OS,ST,Gender-Neutral,3249,4175
"Birla Institute of Technology, Mesra, Ranchi","Mechanical Engineering (4 Years, Bachelor of Technology)",HS,OPEN,Gender-Neutral,21308,34003
"Birla Institute of Technology, Mesra, Ranchi","Mechanical Engineering (4 Years, Bachelor of Technology)",HS,SC,Gender-Neutral,6434,15342
"Birla Institute of Technology, Mesra, Ranchi","Mechanical Engineering (4 Years, Bachelor of Technology)",HS,ST,Gender-Neutral,2284,16025
"Birla Institute of Technology, Mesra, Ranchi","Mechanical Engineering (4 Years, Bachelor of Technology)",OS,OPEN,Gender-Neutral,14607,22761
"Birla Institute of Technology, Mesra, Ranchi","Mechanical Engineering (4 Years, Bachelor of Technology)",OS,SC,Gender-Neutral,3430,5890
"Birla Institute of Technology, Mesra, Ranchi","Mechanical Engineering (4 Years, Bachelor of Technology)",OS,ST,Gender-Neutral,3037,3279
"Birla Institute of Technology, Mesra, Ranchi","Production Engineering (4 Years, Bachelor of Technology)",HS,OPEN,Gender-Neutral,34504,53702
"Birla Institute of Technology, Mesra, Ranchi","Production Engineering (4 Years, Bachelor of Technology)",HS,SC,Gender-Neutral,15737,21445
"Birla Institute of Technology, Mesra, Ranchi","Production Engineering (4 Years, Bachelor of Technology)",HS,ST,Gender-Neutral,15194,18739
"Birla Institute of Technology, Mesra, Ranchi","Production Engineering (4 Years, Bachelor of Technology)",OS,OPEN,Gender-Neutral,26765,38800
"Birla Institute of Technology, Mesra, Ranchi","Production Engineering (4 Years, Bachelor of Technology)",OS,SC,Gender-Neutral,9890,10514
"Birla Institute of Technology, Mesra, Ranchi","Production Engineering (4 Years, Bachelor of Technology)",OS,ST,Gender-Neutral,5029,5466
"Gurukula Kangri Vishwavidyalaya, Haridwar","Computer Science and Engineering (4 Years, Bachelor of Technology)",AI,OPEN,Gender-Neutral,33883,48067
"Gurukula Kangri Vishwavidyalaya, Haridwar","Computer Science and Engineering (4 Years, Bachelor of Technology)",AI,OBC-NCL,Gender-Neutral,13767,17057
"Gurukula Kangri Vishwavidyalaya, Haridwar","Computer Science and Engineering (4 Years, Bachelor of Technology)",AI,SC,Gender-Neutral,6228,10250
"Gurukula Kangri Vishwavidyalaya, Haridwar","Computer Science and Engineering (4 Years, Bachelor of Technology)",AI,ST,Gender-Neutral,5895,6622
"Gurukula Kangri Vishwavidyalaya, Haridwar","Electrical Engineering (4 Years, Bachelor of Technology)",AI,OPEN,Gender-Neutral,33400,57379
"Gurukula Kangri Vishwavidyalaya, Haridwar","Electrical Engineering (4 Years, Bachelor of Technology)",AI,OBC-NCL,Gender-Neutral,15837,18193
"Gurukula Kangri Vishwavidyalaya, Haridwar","Electrical Engineering (4 Years, Bachelor of Technology)",AI,SC,Gender-Neutral,5535,11438
"Gurukula Kangri Vishwavidyalaya, Haridwar","Electrical Engineering (4 Years, Bachelor of Technology)",AI,ST,Gender-Neutral,1820,6129
"Gurukula Kangri Vishwavidyalaya, Haridwar","Electronics and Communication Engineering (4 Years, Bachelor of Technology)",AI,OPEN,Gender-Neutral,46800,57305
"Gurukula Kangri Vishwavidyalaya, Haridwar","Electronics and Communication Engineering (4 Years, Bachelor of Technology)",AI,OBC-NCL,Gender-Neutral,16179,18244
"Gurukula Kangri Vishwavidyalaya, Haridwar","Electronics and Communication Engineering (4 Years, Bachelor of Technology)",AI,SC,Gender-Neutral,7882,11829
"Gurukula Kangri Vishwavidyalaya, Haridwar","Electronics and Communication Engineering (4 Years, Bachelor of Technology)",AI,ST,Gender-Neutral,6609,7383
"Gurukula Kangri Vishwavidyalaya, Haridwar","Mechanical Engineering (4 Years, Bachelor of Technology)",AI,OPEN,Gender-Neutral,43466,58325
"Gurukula Kangri Vishwavidyalaya, Haridwar","Mechanical Engineering (4 Years, Bachelor of Technology)",AI,OBC-NCL,Gender-Neutral,15504,18472
"Gurukula Kangri Vishwavidyalaya, Haridwar","Mechanical Engineering (4 Years, Bachelor of Technology)",AI,SC,Gender-Neutral,9161,11836
"Gurukula Kangri Vishwavidyalaya, Haridwar","Mechanical Engineering (4 Years, Bachelor of Technology)",AI,ST,Gender-Neutral,4011,6916
"Indian Institute of Carpet Technology, Bhadohi","Carpet and Textile Technology (4 Years, Bachelor of Technology)",AI,OPEN,Gender-Neutral,42205,60378
"Indian Institute of Carpet Technology, Bhadohi","Carpet and Textile Technology (4 Years, Bachelor of Technology)",AI,Open (PwD),Gender-Neutral,1764,1764
"Indian Institute of Carpet Technology, Bhadohi","Carpet and Textile Technology (4 Years, Bachelor of Technology)",AI,OBC-NCL,Gender-Neutral,18362,19151
"Indian Institute of Carpet Technology, Bhadohi","Carpet and Textile Technology (4 Years, Bachelor of Technology)",AI,SC,Gender-Neutral,11929,12365
"Indian Institute of Carpet Technology, Bhadohi","Carpet and Textile Technology (4 Years, Bachelor of Technology)",AI,ST,Gender-Neutral,7482,7596
"Institute of Infrastructure, Technology, Research and Management-Ahmedabad","Civil Engineering (4 Years, Bachelor of Technology)",AI,OPEN,Gender-Neutral,26195,38252
"Institute of Infrastructure, Technology, Research and Management-Ahmedabad","Civil Engineering (4 Years, Bachelor of Technology)",AI,OBC-NCL,Gender-Neutral,11017,14197
"Institute of Infrastructure, Technology, Research and Management-Ahmedabad","Civil Engineering (4 Years, Bachelor of Technology)",AI,SC,Gender-Neutral,5165,8215
"Institute of Infrastructure, Technology, Research and Management-Ahmedabad","Civil Engineering (4 Years, Bachelor of Technology)",AI,ST,Gender-Neutral,660,1999
"Institute of Infrastructure, Technology, Research and Management-Ahmedabad","Electrical Engineering (4 Years, Bachelor of Technology)",AI,OPEN,Gender-Neutral,24196,36494
"Institute of Infrastructure, Technology, Research and Management-Ahmedabad","Electrical Engineering (4 Years, Bachelor of Technology)",AI,Open (PwD),Gender-Neutral,2341,2341
"Institute of Infrastructure, Technology, Research and Management-Ahmedabad","Electrical Engineering (4 Years, Bachelor of Technology)",AI,OBC-NCL,Gender-Neutral,9292,12748
"Institute of Infrastructure, Technology, Research and Management-Ahmedabad","Electrical Engineering (4 Years, Bachelor of Technology)",AI,SC,Gender-Neutral,5261,8556
"Institute of Infrastructure, Technology, Research and Management-Ahmedabad","Electrical Engineering (4 Years, Bachelor of Technology)",AI,ST,Gender-Neutral,2287,2505
"Institute of Infrastructure, Technology, Research and Management-Ahmedabad","Mechanical Engineering (4 Years, Bachelor of Technology)",AI,OPEN,Gender-Neutral,18318,35650
"Institute of Infrastructure, Technology, Research and Management-Ahmedabad","Mechanical Engineering (4 Years, Bachelor of Technology)",AI,OBC-NCL,Gender-Neutral,9504,13657
"Institute of Infrastructure, Technology, Research and Management-Ahmedabad","Mechanical Engineering (4 Years, Bachelor of Technology)",AI,SC,Gender-Neutral,6360,8126
"Institute of Infrastructure, Technology, Research and Management-Ahmedabad","Mechanical Engineering (4 Years, Bachelor of Technology)",AI,ST,Gender-Neutral,3190,3691
"Institute of Technology, Guru Ghasidas Vishwavidyalaya (A Central University), Bilaspur, (C.G.)","Chemical Engineering (4 Years, Bachelor of Technology)",AI,OPEN,Gender-Neutral,37097,57143
"Institute of Technology, Guru Ghasidas Vishwavidyalaya (A Central University), Bilaspur, (C.G.)","Chemical Engineering (4 Years, Bachelor of Technology)",AI,OBC-NCL,Gender-Neutral,15331,18318
"Institute of Technology, Guru Ghasidas Vishwavidyalaya (A Central University), Bilaspur, (C.G.)","Chemical Engineering (4 Years, Bachelor of Technology)",AI,SC,Gender-Neutral,5599,10556
"Institute of Technology, Guru Ghasidas Vishwavidyalaya (A Central University), Bilaspur, (C.G.)","Chemical Engineering (4 Years, Bachelor of Technology)",AI,ST,Gender-Neutral,5435,6272
"Institute of Technology, Guru Ghasidas Vishwavidyalaya (A Central University), Bilaspur, (C.G.)","Civil Engineering (4 Years, Bachelor of Technology)",AI,OPEN,Gender-Neutral,40565,55956
"Institute of Technology, Guru Ghasidas Vishwavidyalaya (A Central University), Bilaspur, (C.G.)","Civil Engineering (4 Years, Bachelor of Technology)",AI,Open (PwD),Gender-Neutral,2263,2263
"Institute of Technology, Guru Ghasidas Vishwavidyalaya (A Central University), Bilaspur, (C.G.)","Civil Engineering (4 Years, Bachelor of Technology)",AI,OBC-NCL,Gender-Neutral,15284,17617
"Institute of Technology, Guru Ghasidas Vishwavidyalaya (A Central University), Bilaspur, (C.G.)","Civil Engineering (4 Years, Bachelor of Technology)",AI,SC,Gender-Neutral,5647,9704
"Institute of Technology, Guru Ghasidas Vishwavidyalaya (A Central University), Bilaspur, (C.G.)","Civil Engineering (4 Years, Bachelor of Technology)",AI,ST,Gender-Neutral,1599,3031
"Institute of Technology, Guru Ghasidas Vishwavidyalaya (A Central University), Bilaspur, (C.G.)","Computer Science and Engineering (4 Years, Bachelor of Technology)",AI,OPEN,Gender-Neutral,30937,46744
"Institute of Technology, Guru Ghasidas Vishwavidyalaya (A Central University), Bilaspur, (C.G.)","Computer Science and Engineering (4 Years, Bachelor of Technology)",AI,OBC-NCL,Gender-Neutral,12188,15814
"Institute of Technology, Guru Ghasidas Vishwavidyalaya (A Central University), Bilaspur, (C.G.)","Computer Science and Engineering (4 Years, Bachelor of Technology)",AI,SC,Gender-Neutral,7607,10006
"Institute of Technology, Guru Ghasidas Vishwavidyalaya (A Central University), Bilaspur, (C.G.)","Computer Science and Engineering (4 Years, Bachelor of Technology)",AI,ST,Gender-Neutral,4451,6244
"Institute of Technology, Guru Ghasidas Vishwavidyalaya (A Central University), Bilaspur, (C.G.)","Electronics and Communication Engineering (4 Years, Bachelor of Technology)",AI,OPEN,Gender-Neutral,35374,54676
"Institute of Technology, Guru Ghasidas Vishwavidyalaya (A Central University), Bilaspur, (C.G.)","Electronics and Communication Engineering (4 Years, Bachelor of Technology)",AI,OBC-NCL,Gender-Neutral,15923,18377
"Institute of Technology, Guru Ghasidas Vishwavidyalaya (A Central University), Bilaspur, (C.G.)","Electronics and Communication Engineering (4 Years, Bachelor of Technology)",AI,SC,Gender-Neutral,9382,11764
"Institute of Technology, Guru Ghasidas Vishwavidyalaya (A Central University), Bilaspur, (C.G.)","Electronics and Communication Engineering (4 Years, Bachelor of Technology)",AI,ST,Gender-Neutral,6018,6616
"Institute of Technology, Guru Ghasidas Vishwavidyalaya (A Central University), Bilaspur, (C.G.)","Industrial and Production Engineering (4 Years, Bachelor of Technology)",AI,OPEN,Gender-Neutral,46961,59896
"Institute of Technology, Guru Ghasidas Vishwavidyalaya (A Central University), Bilaspur, (C.G.)","Industrial and Production Engineering (4 Years, Bachelor of Technology)",AI,OBC-NCL,Gender-Neutral,18572,18886
"Institute of Technology, Guru Ghasidas Vishwavidyalaya (A Central University), Bilaspur, (C.G.)","Industrial and Production Engineering (4 Years, Bachelor of Technology)",AI,SC,Gender-Neutral,8704,12195
"Institute of Technology, Guru Ghasidas Vishwavidyalaya (A Central University), Bilaspur, (C.G.)","Industrial and Production Engineering (4 Years, Bachelor of Technology)",AI,ST,Gender-Neutral,6128,7370
"Institute of Technology, Guru Ghasidas Vishwavidyalaya (A Central University), Bilaspur, (C.G.)","Information Technology (4 Years, Bachelor of Technology)",AI,OPEN,Gender-Neutral,37706,53654
"Institute of Technology, Guru Ghasidas Vishwavidyalaya (A Central University), Bilaspur, (C.G.)","Information Technology (4 Years, Bachelor of Technology)",AI,OBC-NCL,Gender-Neutral,15829,18158
"Institute of Technology, Guru Ghasidas Vishwavidyalaya (A Central University), Bilaspur, (C.G.)","Information Technology (4 Years, Bachelor of Technology)",AI,SC,Gender-Neutral,11644,11941
"Institute of Technology, Guru Ghasidas Vishwavidyalaya (A Central University), Bilaspur, (C.G.)","Information Technology (4 Years, Bachelor of Technology)",AI,ST,Gender-Neutral,7031,7356
"Institute of Technology, Guru Ghasidas Vishwavidyalaya (A Central University), Bilaspur, (C.G.)","Mechanical Engineering (4 Years, Bachelor of Technology)",AI,OPEN,Gender-Neutral,41097,57851
"Institute of Technology, Guru Ghasidas Vishwavidyalaya (A Central University), Bilaspur, (C.G.)","Mechanical Engineering (4 Years, Bachelor of Technology)",AI,OBC-NCL,Gender-Neutral,16091,18483
"Institute of Technology, Guru Ghasidas Vishwavidyalaya (A Central University), Bilaspur, (C.G.)","Mechanical Engineering (4 Years, Bachelor of Technology)",AI,SC,Gender-Neutral,8477,11675
"Institute of Technology, Guru Ghasidas Vishwavidyalaya (A Central University), Bilaspur, (C.G.)","Mechanical Engineering (4 Years, Bachelor of Technology)",AI,ST,Gender-Neutral,4186,5632
"J.K. Institute of Applied Physics & Technology, Department of Electronics & Communication, University of Allahabad- Allahabad","Computer Science and Engineering (4 Years, Bachelor of Technology)",AI,OPEN,Gender-Neutral,26557,37459
"J.K. Institute of Applied Physics & Technology, Department of Electronics & Communication, University of Allahabad- Allahabad","Computer Science and Engineering (4 Years, Bachelor of Technology)",AI,OBC-NCL,Gender-Neutral,10047,14812
"J.K. Institute of Applied Physics & Technology, Department of Electronics & Communication, University of Allahabad- Allahabad","Computer Science and Engineering (4 Years, Bachelor of Technology)",AI,SC,Gender-Neutral,7380,9537
"J.K. Institute of Applied Physics & Technology, Department of Electronics & Communication, University of Allahabad- Allahabad","Computer Science and Engineering (4 Years, Bachelor of Technology)",AI,ST,Gender-Neutral,3931,4422
"J.K. Institute of Applied Physics & Technology, Department of Electronics & Communication, University of Allahabad- Allahabad","Electronics and Communication Engineering (4 Years, Bachelor of Technology)",AI,OPEN,Gender-Neutral,30474,41000
"J.K. Institute of Applied Physics & Technology, Department of Electronics & Communication, University of Allahabad- Allahabad","Electronics and Communication Engineering (4 Years, Bachelor of Technology)",AI,OBC-NCL,Gender-Neutral,10868,15767
"J.K. Institute of Applied Physics & Technology, Department of Electronics & Communication, University of Allahabad- Allahabad","Electronics and Communication Engineering (4 Years, Bachelor of Technology)",AI,SC,Gender-Neutral,9497,10871
"J.K. Institute of Applied Physics & Technology, Department of Electronics & Communication, University of Allahabad- Allahabad","Electronics and Communication Engineering (4 Years, Bachelor of Technology)",AI,ST,Gender-Neutral,1451,6171
"National Institute of Electronics and Information Technology, Aurangabad (Maharashtra)","Electronics System Engineering (4 Years, Bachelor of Technology)",AI,OPEN,Gender-Neutral,37601,41635
"National Institute of Electronics and Information Technology, Aurangabad (Maharashtra)","Electronics System Engineering (4 Years, Bachelor of Technology)",AI,OBC-NCL,Gender-Neutral,11926,15534
"National Institute of Electronics and Information Technology, Aurangabad (Maharashtra)","Electronics System Engineering (4 Years, Bachelor of Technology)",AI,SC,Gender-Neutral,3821,9758
"National Institute of Electronics and Information Technology, Aurangabad (Maharashtra)","Electronics System Engineering (4 Years, Bachelor of Technology)",AI,ST,Gender-Neutral,4010,5538
"National Institute of Foundry & Forge Technology, Hatia, Ranchi","Manufacturing Engineering (4 Years, Bachelor of Technology)",AI,OPEN,Gender-Neutral,40518,57439
"National Institute of Foundry & Forge Technology, Hatia, Ranchi","Manufacturing Engineering (4 Years, Bachelor of Technology)",AI,OBC-NCL,Gender-Neutral,15931,19110
"National Institute of Foundry & Forge Technology, Hatia, Ranchi","Manufacturing Engineering (4 Years, Bachelor of Technology)",AI,SC,Gender-Neutral,9991,12304
"National Institute of Foundry & Forge Technology, Hatia, Ranchi","Manufacturing Engineering (4 Years, Bachelor of Technology)",AI,ST,Gender-Neutral,4895,6873
"National Institute of Foundry & Forge Technology, Hatia, Ranchi","Metallurgy and Materials Engineering (4 Years, Bachelor of Technology)",AI,OPEN,Gender-Neutral,31466,50536
"National Institute of Foundry & Forge Technology, Hatia, Ranchi","Metallurgy and Materials Engineering (4 Years, Bachelor of Technology)",AI,OBC-NCL,Gender-Neutral,14819,18307
"National Institute of Foundry & Forge Technology, Hatia, Ranchi","Metallurgy and Materials Engineering (4 Years, Bachelor of Technology)",AI,SC,Gender-Neutral,7522,11471
"National Institute of Foundry & Forge Technology, Hatia, Ranchi","Metallurgy and Materials Engineering (4 Years, Bachelor of Technology)",AI,ST,Gender-Neutral,4520,5973
Sant Longowal Institute of Engineering and Technology,"Chemical Engineering (4 Years, Bachelor of Technology)",AI,OPEN,Gender-Neutral,44597,56956
Sant Longowal Institute of Engineering and Technology,"Chemical Engineering (4 Years, Bachelor of Technology)",AI,OBC-NCL,Gender-Neutral,15137,18442
Sant Longowal Institute of Engineering and Technology,"Chemical Engineering (4 Years, Bachelor of Technology)",AI,SC,Gender-Neutral,8458,10676
Sant Longowal Institute of Engineering and Technology,"Chemical Engineering (4 Years, Bachelor of Technology)",AI,ST,Gender-Neutral,6080,6504
Sant Longowal Institute of Engineering and Technology,"Computer Science and Engineering (4 Years, Bachelor of Technology)",AI,OPEN,Gender-Neutral,28862,42358
Sant Longowal Institute of Engineering and Technology,"Computer Science and Engineering (4 Years, Bachelor of Technology)",AI,OBC-NCL,Gender-Neutral,12775,15436
Sant Longowal Institute of Engineering and Technology,"Computer Science and Engineering (4 Years, Bachelor of Technology)",AI,SC,Gender-Neutral,9315,10311
Sant Longowal Institute of Engineering and Technology,"Computer Science and Engineering (4 Years, Bachelor of Technology)",AI,ST,Gender-Neutral,4236,6707
Sant Longowal Institute of Engineering and Technology,"Electrical Engineering (4 Years, Bachelor of Technology)",AI,OPEN,Gender-Neutral,32941,48980
Sant Longowal Institute of Engineering and Technology,"Electrical Engineering (4 Years, Bachelor of Technology)",AI,OBC-NCL,Gender-Neutral,15764,17500
Sant Longowal Institute of Engineering and Technology,"Electrical Engineering (4 Years, Bachelor of Technology)",AI,SC,Gender-Neutral,8265,11322
Sant Longowal Institute of Engineering and Technology,"Electrical Engineering (4 Years, Bachelor of Technology)",AI,ST,Gender-Neutral,5464,5548
Sant Longowal Institute of Engineering and Technology,"Electronics and Communication Engineering (4 Years, Bachelor of Technology)",AI,OPEN,Gender-Neutral,43078,48377
Sant Longowal Institute of Engineering and Technology,"Electronics and Communication Engineering (4 Years, Bachelor of Technology)",AI,OBC-NCL,Gender-Neutral,12994,16429
Sant Longowal Institute of Engineering and Technology,"Electronics and Communication Engineering (4 Years, Bachelor of Technology)",AI,SC,Gender-Neutral,6640,11468
Sant Longowal Institute of Engineering and Technology,"Electronics and Communication Engineering (4 Years, Bachelor of Technology)",AI,ST,Gender-Neutral,7286,7401
Sant Longowal Institute of Engineering and Technology,"Food Technology (4 Years, Bachelor of Technology)",AI,OPEN,Gender-Neutral,53019,60472
Sant Longowal Institute of Engineering and Technology,"Food Technology (4 Years, Bachelor of Technology)",AI,OBC-NCL,Gender-Neutral,18781,19054
Sant Longowal Institute of Engineering and Technology,"Food Technology (4 Years, Bachelor of Technology)",AI,SC,Gender-Neutral,12128,12348
Sant Longowal Institute of Engineering and Technology,"Food Technology (4 Years, Bachelor of Technology)",AI,ST,Gender-Neutral,7597,7694
Sant Longowal Institute of Engineering and Technology,"Instrumentation and Control Engineering (4 Years, Bachelor of Technology)",AI,OPEN,Gender-Neutral,53925,59358
Sant Longowal Institute of Engineering and Technology,"Instrumentation and Control Engineering (4 Years, Bachelor of Technology)",AI,OBC-NCL,Gender-Neutral,17873,18587
Sant Longowal Institute of Engineering and Technology,"Instrumentation and Control Engineering (4 Years, Bachelor of Technology)",AI,SC,Gender-Neutral,11473,11996
Sant Longowal Institute of Engineering and Technology,"Instrumentation and Control Engineering (4 Years, Bachelor of Technology)",AI,ST,Gender-Neutral,7456,7491
Sant Longowal Institute of Engineering and Technology,"Mechanical Engineering (Manuacturing Engineering) (4 Years, Bachelor of Technology)",AI,OPEN,Gender-Neutral,33340,54929
Sant Longowal Institute of Engineering and Technology,"Mechanical Engineering (Manuacturing Engineering) (4 Years, Bachelor of Technology)",AI,OBC-NCL,Gender-Neutral,17994,18645
Sant Longowal Institute of Engineering and Technology,"Mechanical Engineering (Manuacturing Engineering) (4 Years, Bachelor of Technology)",AI,SC,Gender-Neutral,6632,11682
Sant Longowal Institute of Engineering and Technology,"Mechanical Engineering (Manuacturing Engineering) (4 Years, Bachelor of Technology)",AI,ST,Gender-Neutral,2125,5683
Sant Longowal Institute of Engineering and Technology,"Mechanical Engineering (Welding Technology) (4 Years, Bachelor of Technology)",AI,OPEN,Gender-Neutral,39844,59587
Sant Longowal Institute of Engineering and Technology,"Mechanical Engineering (Welding Technology) (4 Years, Bachelor of Technology)",AI,OBC-NCL,Gender-Neutral,18249,18750
Sant Longowal Institute of Engineering and Technology,"Mechanical Engineering (Welding Technology) (4 Years, Bachelor of Technology)",AI,SC,Gender-Neutral,10734,11977
Sant Longowal Institute of Engineering and Technology,"Mechanical Engineering (Welding Technology) (4 Years, Bachelor of Technology)",AI,ST,Gender-Neutral,5893,7317
"Mizoram University, Aizawl","Architecture (5 Years, Bachelor of Architecture)",AI,OPEN,Gender-Neutral,2317,2883
"Mizoram University, Aizawl","Architecture (5 Years, Bachelor of Architecture)",AI,SC,Gender-Neutral,448,523
"Mizoram University, Aizawl","Architecture (5 Years, Bachelor of Architecture)",AI,ST,Gender-Neutral,172,412
"Mizoram University, Aizawl","Civil Engineering (4 Years, Bachelor of Technology)",AI,OPEN,Gender-Neutral,54199,57303
"Mizoram University, Aizawl","Civil Engineering (4 Years, Bachelor of Technology)",AI,SC,Gender-Neutral,9200,10138
"Mizoram University, Aizawl","Civil Engineering (4 Years, Bachelor of Technology)",AI,ST,Gender-Neutral,3154,5233
"Mizoram University, Aizawl","Computer Engineering (4 Years, Bachelor of Technology)",AI,OPEN,Gender-Neutral,39180,53785
"Mizoram University, Aizawl","Computer Engineering (4 Years, Bachelor of Technology)",AI,SC,Gender-Neutral,11279,11889
"Mizoram University, Aizawl","Computer Engineering (4 Years, Bachelor of Technology)",AI,ST,Gender-Neutral,7196,7513
"Mizoram University, Aizawl","Electrical Engineering (4 Years, Bachelor of Technology)",AI,OPEN,Gender-Neutral,55339,57718
"Mizoram University, Aizawl","Electrical Engineering (4 Years, Bachelor of Technology)",AI,SC,Gender-Neutral,7876,11724
"Mizoram University, Aizawl","Electrical Engineering (4 Years, Bachelor of Technology)",AI,ST,Gender-Neutral,6003,6954
"Mizoram University, Aizawl","Electronics and Communication Engineering (4 Years, Bachelor of Technology)",AI,OPEN,Gender-Neutral,55925,57401
"Mizoram University, Aizawl","Electronics and Communication Engineering (4 Years, Bachelor of Technology)",AI,SC,Gender-Neutral,9516,11861
"Mizoram University, Aizawl","Electronics and Communication Engineering (4 Years, Bachelor of Technology)",AI,ST,Gender-Neutral,7405,7457
"Mizoram University, Aizawl","Information Technology (4 Years, Bachelor of Technology)",AI,OPEN,Gender-Neutral,50272,55448
"Mizoram University, Aizawl","Information Technology (4 Years, Bachelor of Technology)",AI,SC,Gender-Neutral,10352,11483
"Mizoram University, Aizawl","Information Technology (4 Years, Bachelor of Technology)",AI,ST,Gender-Neutral,3520,7462
"School of Engineering, Tezpur University, Napaam, Tezpur","Civil Engineering (4 Years, Bachelor of Technology)",AI,OPEN,Gender-Neutral,42652,58086
"School of Engineering, Tezpur University, Napaam, Tezpur","Civil Engineering (4 Years, Bachelor of Technology)",AI,OBC-NCL,Gender-Neutral,17447,18146
"School of Engineering, Tezpur University, Napaam, Tezpur","Civil Engineering (4 Years, Bachelor of Technology)",AI,SC,Gender-Neutral,8522,10246
"School of Engineering, Tezpur University, Napaam, Tezpur","Civil Engineering (4 Years, Bachelor of Technology)",AI,ST,Gender-Neutral,1918,2719
"School of Engineering, Tezpur University, Napaam, Tezpur","Computer Science and Engineering (4 Years, Bachelor of Technology)",AI,OPEN,Gender-Neutral,34175,42286
"School of Engineering, Tezpur University, Napaam, Tezpur","Computer Science and Engineering (4 Years, Bachelor of Technology)",AI,OBC-NCL,Gender-Neutral,11208,14642
"School of Engineering, Tezpur University, Napaam, Tezpur","Computer Science and Engineering (4 Years, Bachelor of Technology)",AI,SC,Gender-Neutral,9644,10185
"School of Engineering, Tezpur University, Napaam, Tezpur","Computer Science and Engineering (4 Years, Bachelor of Technology)",AI,ST,Gender-Neutral,4889,4889
"School of Engineering, Tezpur University, Napaam, Tezpur","Electrical Engineering (4 Years, Bachelor of Technology)",AI,OPEN,Gender-Neutral,45469,49506
"School of Engineering, Tezpur University, Napaam, Tezpur","Electrical Engineering (4 Years, Bachelor of Technology)",AI,OBC-NCL,Gender-Neutral,16227,17961
"School of Engineering, Tezpur University, Napaam, Tezpur","Electrical Engineering (4 Years, Bachelor of Technology)",AI,SC,Gender-Neutral,7095,8881
"School of Engineering, Tezpur University, Napaam, Tezpur","Electrical Engineering (4 Years, Bachelor of Technology)",AI,ST,Gender-Neutral,4032,4032
"School of Engineering, Tezpur University, Napaam, Tezpur","Electronics and Communication Engineering (4 Years, Bachelor of Technology)",AI,OPEN,Gender-Neutral,42305,50594
"School of Engineering, Tezpur University, Napaam, Tezpur","Electronics and Communication Engineering (4 Years, Bachelor of Technology)",AI,OBC-NCL,Gender-Neutral,15179,18175
"School of Engineering, Tezpur University, Napaam, Tezpur","Electronics and Communication Engineering (4 Years, Bachelor of Technology)",AI,SC,Gender-Neutral,4151,10971
"School of Engineering, Tezpur University, Napaam, Tezpur","Electronics and Communication Engineering (4 Years, Bachelor of Technology)",AI,ST,Gender-Neutral,6333,6641
"School of Engineering, Tezpur University, Napaam, Tezpur","Food Engineering and Technology (4 Years, Bachelor of Technology)",AI,OPEN,Gender-Neutral,43623,60094
"School of Engineering, Tezpur University, Napaam, Tezpur","Food Engineering and Technology (4 Years, Bachelor of Technology)",AI,OBC-NCL,Gender-Neutral,18469,19122
"School of Engineering, Tezpur University, Napaam, Tezpur","Food Engineering and Technology (4 Years, Bachelor of Technology)",AI,SC,Gender-Neutral,7795,12142
"School of Engineering, Tezpur University, Napaam, Tezpur","Food Engineering and Technology (4 Years, Bachelor of Technology)",AI,ST,Gender-Neutral,7452,7452
"School of Engineering, Tezpur University, Napaam, Tezpur","Mechanical Engineering (4 Years, Bachelor of Technology)",AI,OPEN,Gender-Neutral,51566,55912
"School of Engineering, Tezpur University, Napaam, Tezpur","Mechanical Engineering (4 Years, Bachelor of Technology)",AI,OBC-NCL,Gender-Neutral,16083,18306
"School of Engineering, Tezpur University, Napaam, Tezpur","Mechanical Engineering (4 Years, Bachelor of Technology)",AI,SC,Gender-Neutral,5731,10574
"School of Engineering, Tezpur University, Napaam, Tezpur","Mechanical Engineering (4 Years, Bachelor of Technology)",AI,ST,Gender-Neutral,3920,4766
"School of Planning & Architecture, Bhopal","Architecture (5 Years, Bachelor of Architecture)",AI,OPEN,Gender-Neutral,388,809
"School of Planning & Architecture, Bhopal","Architecture (5 Years, Bachelor of Architecture)",AI,Open (PwD),Gender-Neutral,4,120
"School of Planning & Architecture, Bhopal","Architecture (5 Years, Bachelor of Architecture)",AI,OBC-NCL,Gender-Neutral,170,600
"School of Planning & Architecture, Bhopal","Architecture (5 Years, Bachelor of Architecture)",AI,SC,Gender-Neutral,74,180
"School of Planning & Architecture, Bhopal","Architecture (5 Years, Bachelor of Architecture)",AI,ST,Gender-Neutral,19,72
"School of Planning & Architecture, Bhopal","Planning (4 Years, Bachelor of Planning)",AI,OPEN,Gender-Neutral,1519,2243
"School of Planning & Architecture, Bhopal","Planning (4 Years, Bachelor of Planning)",AI,OBC-NCL,Gender-Neutral,1009,1143
"School of Planning & Architecture, Bhopal","Planning (4 Years, Bachelor of Planning)",AI,SC,Gender-Neutral,328,477
"School of Planning & Architecture, Bhopal","Planning (4 Years, Bachelor of Planning)",AI,ST,Gender-Neutral,208,465
"School of Planning & Architecture, New Delhi","Architecture (5 Years, Bachelor of Architecture)",AI,OPEN,Gender-Neutral,7,486
"School of Planning & Architecture, New Delhi","Architecture (5 Years, Bachelor of Architecture)",AI,Open (PwD),Gender-Neutral,34,35
"School of Planning & Architecture, New Delhi","Architecture (5 Years, Bachelor of Architecture)",AI,OBC-NCL,Gender-Neutral,97,302
"School of Planning & Architecture, New Delhi","Architecture (5 Years, Bachelor of Architecture)",AI,OBC-NCL (PwD),Gender-Neutral,111,111
"School of Planning & Architecture, New Delhi","Architecture (5 Years, Bachelor of Architecture)",AI,SC,Gender-Neutral,23,71
"School of Planning & Architecture, New Delhi","Architecture (5 Years, Bachelor of Architecture)",AI,ST,Gender-Neutral,9,67
"School of Planning & Architecture, New Delhi","Planning (4 Years, Bachelor of Planning)",AI,OPEN,Gender-Neutral,563,1464
"School of Planning & Architecture, New Delhi","Planning (4 Years, Bachelor of Planning)",AI,OBC-NCL,Gender-Neutral,490,949
"School of Planning & Architecture, New Delhi","Planning (4 Years, Bachelor of Planning)",AI,SC,Gender-Neutral,73,264
"School of Planning & Architecture, New Delhi","Planning (4 Years, Bachelor of Planning)",AI,ST,Gender-Neutral,36,264
School of Planning & Architecture: Vijayawada,"Architecture (5 Years, Bachelor of Architecture)",AI,OPEN,Gender-Neutral,569,1275
School of Planning & Architecture: Vijayawada,"Architecture (5 Years, Bachelor of Architecture)",AI,Open (PwD),Gender-Neutral,137,137
School of Planning & Architecture: Vijayawada,"Architecture (5 Years, Bachelor of Architecture)",AI,OBC-NCL,Gender-Neutral,284,627
School of Planning & Architecture: Vijayawada,"Architecture (5 Years, Bachelor of Architecture)",AI,SC,Gender-Neutral,100,310
School of Planning & Architecture: Vijayawada,"Architecture (5 Years, Bachelor of Architecture)",AI,ST,Gender-Neutral,93,168
School of Planning & Architecture: Vijayawada,"Planning (4 Years, Bachelor of Planning)",AI,OPEN,Gender-Neutral,1478,2595
School of Planning & Architecture: Vijayawada,"Planning (4 Years, Bachelor of Planning)",AI,Open (PwD),Gender-Neutral,119,119
School of Planning & Architecture: Vijayawada,"Planning (4 Years, Bachelor of Planning)",AI,OBC-NCL,Gender-Neutral,673,1064
School of Planning & Architecture: Vijayawada,"Planning (4 Years, Bachelor of Planning)",AI,SC,Gender-Neutral,373,450
School of Planning & Architecture: Vijayawada,"Planning (4 Years, Bachelor of Planning)",AI,ST,Gender-Neutral,184,370
"Shri Mata Vaishno Devi University, Katra, Jammu & Kashmir","Architecture (5 Years, Bachelor of Architecture)",AI,OPEN,Gender-Neutral,2002,3023
"Shri Mata Vaishno Devi University, Katra, Jammu & Kashmir","Civil Engineering (4 Years, Bachelor of Technology)",AI,OPEN,Gender-Neutral,55909,58995
"Shri Mata Vaishno Devi University, Katra, Jammu & Kashmir","Civil Engineering (4 Years, Bachelor of Technology)",AI,Open (PwD),Gender-Neutral,1152,1768
"Shri Mata Vaishno Devi University, Katra, Jammu & Kashmir","Computer Science and Engineering (4 Years, Bachelor of Technology)",AI,OPEN,Gender-Neutral,16615,50955
"Shri Mata Vaishno Devi University, Katra, Jammu & Kashmir","Computer Science and Engineering (4 Years, Bachelor of Technology)",AI,Open (PwD),Gender-Neutral,2392,2392
"Shri Mata Vaishno Devi University, Katra, Jammu & Kashmir","Electrical Engineering (4 Years, Bachelor of Technology)",AI,OPEN,Gender-Neutral,47568,58776
"Shri Mata Vaishno Devi University, Katra, Jammu & Kashmir","Electronics and Communication Engineering (4 Years, Bachelor of Technology)",AI,OPEN,Gender-Neutral,47371,58414
"Shri Mata Vaishno Devi University, Katra, Jammu & Kashmir","Mechanical Engineering (4 Years, Bachelor of Technology)",AI,OPEN,Gender-Neutral,48908,59357
"Indian Institute of Engineering Science and Technology, Shibpur","Aerospace Engineering (4 Years, Bachelor of Technology)",HS,OPEN,Gender-Neutral,7122,32202
"Indian Institute of Engineering Science and Technology, Shibpur","Aerospace Engineering (4 Years, Bachelor of Technology)",HS,OPEN,Female-only (including Supernumerary),29410,29410
"Indian Institute of Engineering Science and Technology, Shibpur","Aerospace Engineering (4 Years, Bachelor of Technology)",HS,OBC-NCL,Gender-Neutral,10995,38163
"Indian Institute of Engineering Science and Technology, Shibpur","Aerospace Engineering (4 Years, Bachelor of Technology)",HS,OBC-NCL,Female-only (including Supernumerary),55590,55590
"Indian Institute of Engineering Science and Technology, Shibpur","Aerospace Engineering (4 Years, Bachelor of Technology)",HS,SC,Gender-Neutral,2651,3759
"Indian Institute of Engineering Science and Technology, Shibpur","Aerospace Engineering (4 Years, Bachelor of Technology)",HS,SC,Female-only (including Supernumerary),3767,3767
"Indian Institute of Engineering Science and Technology, Shibpur","Aerospace Engineering (4 Years, Bachelor of Technology)",HS,ST,Gender-Neutral,1928,1928
"Indian Institute of Engineering Science and Technology, Shibpur","Aerospace Engineering (4 Years, Bachelor of Technology)",OS,OPEN,Gender-Neutral,3295,13560
"Indian Institute of Engineering Science and Technology, Shibpur","Aerospace Engineering (4 Years, Bachelor of Technology)",OS,OPEN,Female-only (including Supernumerary),9283,9283
"Indian Institute of Engineering Science and Technology, Shibpur","Aerospace Engineering (4 Years, Bachelor of Technology)",OS,Open (PwD),Gender-Neutral,1681,1681
"Indian Institute of Engineering Science and Technology, Shibpur","Aerospace Engineering (4 Years, Bachelor of Technology)",OS,OBC-NCL,Gender-Neutral,5354,6790
"Indian Institute of Engineering Science and Technology, Shibpur","Aerospace Engineering (4 Years, Bachelor of Technology)",OS,OBC-NCL,Female-only (including Supernumerary),7816,7816
"Indian Institute of Engineering Science and Technology, Shibpur","Aerospace Engineering (4 Years, Bachelor of Technology)",OS,SC,Gender-Neutral,866,1969
"Indian Institute of Engineering Science and Technology, Shibpur","Aerospace Engineering (4 Years, Bachelor of Technology)",OS,ST,Gender-Neutral,1160,1478
"Indian Institute of Engineering Science and Technology, Shibpur","Architecture, Town and Regional Planning (5 Years, Bachelor of Architecture)",HS,OPEN,Gender-Neutral,940,1372
"Indian Institute of Engineering Science and Technology, Shibpur","Architecture, Town and Regional Planning (5 Years, Bachelor of Architecture)",HS,OPEN,Female-only (including Supernumerary),690,690
"Indian Institute of Engineering Science and Technology, Shibpur","Architecture, Town and Regional Planning (5 Years, Bachelor of Architecture)",HS,OBC-NCL,Gender-Neutral,282,910
"Indian Institute of Engineering Science and Technology, Shibpur","Architecture, Town and Regional Planning (5 Years, Bachelor of Architecture)",HS,SC,Gender-Neutral,164,206
"Indian Institute of Engineering Science and Technology, Shibpur","Architecture, Town and Regional Planning (5 Years, Bachelor of Architecture)",HS,ST,Gender-Neutral,455,455
"Indian Institute of Engineering Science and Technology, Shibpur","Architecture, Town and Regional Planning (5 Years, Bachelor of Architecture)",OS,OPEN,Gender-Neutral,1792,2023
"Indian Institute of Engineering Science and Technology, Shibpur","Architecture, Town and Regional Planning (5 Years, Bachelor of Architecture)",OS,OPEN,Female-only (including Supernumerary),1376,1376
"Indian Institute of Engineering Science and Technology, Shibpur","Architecture, Town and Regional Planning (5 Years, Bachelor of Architecture)",OS,OBC-NCL,Gender-Neutral,831,876
"Indian Institute of Engineering Science and Technology, Shibpur","Architecture, Town and Regional Planning (5 Years, Bachelor of Architecture)",OS,SC,Gender-Neutral,333,352
"Indian Institute of Engineering Science and Technology, Shibpur","Architecture, Town and Regional Planning (5 Years, Bachelor of Architecture)",OS,ST,Gender-Neutral,278,278
"Indian Institute of Engineering Science and Technology, Shibpur","Civil Engineering (4 Years, Bachelor of Technology)",HS,OPEN,Gender-Neutral,19188,32576
"Indian Institute of Engineering Science and Technology, Shibpur","Civil Engineering (4 Years, Bachelor of Technology)",HS,OPEN,Female-only (including Supernumerary),14708,43885
"Indian Institute of Engineering Science and Technology, Shibpur","Civil Engineering (4 Years, Bachelor of Technology)",HS,Open (PwD),Gender-Neutral,1623,1726
"Indian Institute of Engineering Science and Technology, Shibpur","Civil Engineering (4 Years, Bachelor of Technology)",HS,OBC-NCL,Gender-Neutral,18192,53795
"Indian Institute of Engineering Science and Technology, Shibpur","Civil Engineering (4 Years, Bachelor of Technology)",HS,OBC-NCL,Female-only (including Supernumerary),33318,33335
"Indian Institute of Engineering Science and Technology, Shibpur","Civil Engineering (4 Years, Bachelor of Technology)",HS,SC,Gender-Neutral,2640,4760
"Indian Institute of Engineering Science and Technology, Shibpur","Civil Engineering (4 Years, Bachelor of Technology)",HS,SC,Female-only (including Supernumerary),5028,8467
"Indian Institute of Engineering Science and Technology, Shibpur","Civil Engineering (4 Years, Bachelor of Technology)",HS,ST,Gender-Neutral,9598,11895
"Indian Institute of Engineering Science and Technology, Shibpur","Civil Engineering (4 Years, Bachelor of Technology)",OS,OPEN,Gender-Neutral,17287,31632
"Indian Institute of Engineering Science and Technology, Shibpur","Civil Engineering (4 Years, Bachelor of Technology)",OS,OPEN,Female-only (including Supernumerary),10017,33266
"Indian Institute of Engineering Science and Technology, Shibpur","Civil Engineering (4 Years, Bachelor of Technology)",OS,Open (PwD),Gender-Neutral,2463,2463
"Indian Institute of Engineering Science and Technology, Shibpur","Civil Engineering (4 Years, Bachelor of Technology)",OS,OBC-NCL,Gender-Neutral,7882,9581
"Indian Institute of Engineering Science and Technology, Shibpur","Civil Engineering (4 Years, Bachelor of Technology)",OS,OBC-NCL,Female-only (including Supernumerary),14130,15286
"Indian Institute of Engineering Science and Technology, Shibpur","Civil Engineering (4 Years, Bachelor of Technology)",OS,SC,Gender-Neutral,2327,5399
"Indian Institute of Engineering Science and Technology, Shibpur","Civil Engineering (4 Years, Bachelor of Technology)",OS,SC,Female-only (including Supernumerary),4352,4352
"Indian Institute of Engineering Science and Technology, Shibpur","Civil Engineering (4 Years, Bachelor of Technology)",OS,ST,Gender-Neutral,1074,2146
"Indian Institute of Engineering Science and Technology, Shibpur","Computer Science and Engineering (4 Years, Bachelor of Technology)",HS,OPEN,Gender-Neutral,4762,10056
"Indian Institute of Engineering Science and Technology, Shibpur","Computer Science and Engineering (4 Years, Bachelor of Technology)",HS,OPEN,Female-only (including Supernumerary),11226,16940
"Indian Institute of Engineering Science and Technology, Shibpur","Computer Science and Engineering (4 Years, Bachelor of Technology)",HS,Open (PwD),Gender-Neutral,1824,1824
"Indian Institute of Engineering Science and Technology, Shibpur","Computer Science and Engineering (4 Years, Bachelor of Technology)",HS,OBC-NCL,Gender-Neutral,2641,10809
"Indian Institute of Engineering Science and Technology, Shibpur","Computer Science and Engineering (4 Years, Bachelor of Technology)",HS,OBC-NCL,Female-only (including Supernumerary),9468,13845
"Indian Institute of Engineering Science and Technology, Shibpur","Computer Science and Engineering (4 Years, Bachelor of Technology)",HS,SC,Gender-Neutral,528,1091
"Indian Institute of Engineering Science and Technology, Shibpur","Computer Science and Engineering (4 Years, Bachelor of Technology)",HS,SC,Female-only (including Supernumerary),978,978
"Indian Institute of Engineering Science and Technology, Shibpur","Computer Science and Engineering (4 Years, Bachelor of Technology)",HS,ST,Gender-Neutral,553,2754
"Indian Institute of Engineering Science and Technology, Shibpur","Computer Science and Engineering (4 Years, Bachelor of Technology)",OS,OPEN,Gender-Neutral,9441,12339
"Indian Institute of Engineering Science and Technology, Shibpur","Computer Science and Engineering (4 Years, Bachelor of Technology)",OS,OPEN,Female-only (including Supernumerary),8082,11276
"Indian Institute of Engineering Science and Technology, Shibpur","Computer Science and Engineering (4 Years, Bachelor of Technology)",OS,OBC-NCL,Gender-Neutral,3097,4478
"Indian Institute of Engineering Science and Technology, Shibpur","Computer Science and Engineering (4 Years, Bachelor of Technology)",OS,OBC-NCL,Female-only (including Supernumerary),7786,7786
"Indian Institute of Engineering Science and Technology, Shibpur","Computer Science and Engineering (4 Years, Bachelor of Technology)",OS,OBC-NCL (PwD),Gender-Neutral,1113,1113
"Indian Institute of Engineering Science and Technology, Shibpur","Computer Science and Engineering (4 Years, Bachelor of Technology)",OS,SC,Gender-Neutral,1832,2375
"Indian Institute of Engineering Science and Technology, Shibpur","Computer Science and Engineering (4 Years, Bachelor of Technology)",OS,SC,Female-only (including Supernumerary),4807,4807
"Indian Institute of Engineering Science and Technology, Shibpur","Computer Science and Engineering (4 Years, Bachelor of Technology)",OS,ST,Gender-Neutral,1105,1657
"Indian Institute of Engineering Science and Technology, Shibpur","Computer Science and Engineering (4 Years, Bachelor of Technology)",OS,ST,Female-only (including Supernumerary),2483,2483
"Indian Institute of Engineering Science and Technology, Shibpur","Electrical Engineering (4 Years, Bachelor of Technology)",HS,OPEN,Gender-Neutral,12109,17529
"Indian Institute of Engineering Science and Technology, Shibpur","Electrical Engineering (4 Years, Bachelor of Technology)",HS,OPEN,Female-only (including Supernumerary),21098,25119
"Indian Institute of Engineering Science and Technology, Shibpur","Electrical Engineering (4 Years, Bachelor of Technology)",HS,Open (PwD),Gender-Neutral,321,321
"Indian Institute of Engineering Science and Technology, Shibpur","Electrical Engineering (4 Years, Bachelor of Technology)",HS,OBC-NCL,Gender-Neutral,7753,23241
"Indian Institute of Engineering Science and Technology, Shibpur","Electrical Engineering (4 Years, Bachelor of Technology)",HS,OBC-NCL,Female-only (including Supernumerary),20151,20391
"Indian Institute of Engineering Science and Technology, Shibpur","Electrical Engineering (4 Years, Bachelor of Technology)",HS,SC,Gender-Neutral,1835,3569
"Indian Institute of Engineering Science and Technology, Shibpur","Electrical Engineering (4 Years, Bachelor of Technology)",HS,ST,Gender-Neutral,5299,7367
"Indian Institute of Engineering Science and Technology, Shibpur","Electrical Engineering (4 Years, Bachelor of Technology)",HS,ST,Female-only (including Supernumerary),23636,23636
"Indian Institute of Engineering Science and Technology, Shibpur","Electrical Engineering (4 Years, Bachelor of Technology)",OS,OPEN,Gender-Neutral,4524,20802
"Indian Institute of Engineering Science and Technology, Shibpur","Electrical Engineering (4 Years, Bachelor of Technology)",OS,OPEN,Female-only (including Supernumerary),25174,27829
"Indian Institute of Engineering Science and Technology, Shibpur","Electrical Engineering (4 Years, Bachelor of Technology)",OS,Open (PwD),Gender-Neutral,1960,1960
"Indian Institute of Engineering Science and Technology, Shibpur","Electrical Engineering (4 Years, Bachelor of Technology)",OS,OBC-NCL,Gender-Neutral,5806,7061
"Indian Institute of Engineering Science and Technology, Shibpur","Electrical Engineering (4 Years, Bachelor of Technology)",OS,OBC-NCL,Female-only (including Supernumerary),14026,14516
"Indian Institute of Engineering Science and Technology, Shibpur","Electrical Engineering (4 Years, Bachelor of Technology)",OS,SC,Gender-Neutral,3879,4051
"Indian Institute of Engineering Science and Technology, Shibpur","Electrical Engineering (4 Years, Bachelor of Technology)",OS,SC,Female-only (including Supernumerary),6144,6144
"Indian Institute of Engineering Science and Technology, Shibpur","Electrical Engineering (4 Years, Bachelor of Technology)",OS,ST,Gender-Neutral,1204,2457
"Indian Institute of Engineering Science and Technology, Shibpur","Electronics and Telecommunication Engineering (4 Years, Bachelor of Technology)",HS,OPEN,Gender-Neutral,10154,12813
"Indian Institute of Engineering Science and Technology, Shibpur","Electronics and Telecommunication Engineering (4 Years, Bachelor of Technology)",HS,OPEN,Female-only (including Supernumerary),17868,19193
"Indian Institute of Engineering Science and Technology, Shibpur","Electronics and Telecommunication Engineering (4 Years, Bachelor of Technology)",HS,Open (PwD),Gender-Neutral,407,407
"Indian Institute of Engineering Science and Technology, Shibpur","Electronics and Telecommunication Engineering (4 Years, Bachelor of Technology)",HS,OBC-NCL,Gender-Neutral,7960,19897
"Indian Institute of Engineering Science and Technology, Shibpur","Electronics and Telecommunication Engineering (4 Years, Bachelor of Technology)",HS,OBC-NCL,Female-only (including Supernumerary),16845,16845
"Indian Institute of Engineering Science and Technology, Shibpur","Electronics and Telecommunication Engineering (4 Years, Bachelor of Technology)",HS,SC,Gender-Neutral,1378,1768
"Indian Institute of Engineering Science and Technology, Shibpur","Electronics and Telecommunication Engineering (4 Years, Bachelor of Technology)",HS,SC,Female-only (including Supernumerary),2199,2199
"Indian Institute of Engineering Science and Technology, Shibpur","Electronics and Telecommunication Engineering (4 Years, Bachelor of Technology)",HS,ST,Gender-Neutral,2179,4789
"Indian Institute of Engineering Science and Technology, Shibpur","Electronics and Telecommunication Engineering (4 Years, Bachelor of Technology)",OS,OPEN,Gender-Neutral,16591,17628
"Indian Institute of Engineering Science and Technology, Shibpur","Electronics and Telecommunication Engineering (4 Years, Bachelor of Technology)",OS,OPEN,Female-only (including Supernumerary),18313,19291
"Indian Institute of Engineering Science and Technology, Shibpur","Electronics and Telecommunication Engineering (4 Years, Bachelor of Technology)",OS,Open (PwD),Gender-Neutral,2373,2373
"Indian Institute of Engineering Science and Technology, Shibpur","Electronics and Telecommunication Engineering (4 Years, Bachelor of Technology)",OS,OBC-NCL,Gender-Neutral,5882,6663
"Indian Institute of Engineering Science and Technology, Shibpur","Electronics and Telecommunication Engineering (4 Years, Bachelor of Technology)",OS,OBC-NCL,Female-only (including Supernumerary),10036,10036
"Indian Institute of Engineering Science and Technology, Shibpur","Electronics and Telecommunication Engineering (4 Years, Bachelor of Technology)",OS,SC,Gender-Neutral,2862,4732
"Indian Institute of Engineering Science and Technology, Shibpur","Electronics and Telecommunication Engineering (4 Years, Bachelor of Technology)",OS,ST,Gender-Neutral,2406,2434
"Indian Institute of Engineering Science and Technology, Shibpur","Information Technology (4 Years, Bachelor of Technology)",HS,OPEN,Gender-Neutral,15435,21859
"Indian Institute of Engineering Science and Technology, Shibpur","Information Technology (4 Years, Bachelor of Technology)",HS,OPEN,Female-only (including Supernumerary),23287,26667
"Indian Institute of Engineering Science and Technology, Shibpur","Information Technology (4 Years, Bachelor of Technology)",HS,Open (PwD),Gender-Neutral,1773,1773
"Indian Institute of Engineering Science and Technology, Shibpur","Information Technology (4 Years, Bachelor of Technology)",HS,OBC-NCL,Gender-Neutral,14186,25269
"Indian Institute of Engineering Science and Technology, Shibpur","Information Technology (4 Years, Bachelor of Technology)",HS,OBC-NCL,Female-only (including Supernumerary),14713,24520
"Indian Institute of Engineering Science and Technology, Shibpur","Information Technology (4 Years, Bachelor of Technology)",HS,SC,Gender-Neutral,3694,4259
"Indian Institute of Engineering Science and Technology, Shibpur","Information Technology (4 Years, Bachelor of Technology)",HS,SC,Female-only (including Supernumerary),3905,3905
"Indian Institute of Engineering Science and Technology, Shibpur","Information Technology (4 Years, Bachelor of Technology)",HS,ST,Gender-Neutral,3290,3991
"Indian Institute of Engineering Science and Technology, Shibpur","Information Technology (4 Years, Bachelor of Technology)",OS,OPEN,Gender-Neutral,12346,16540
"Indian Institute of Engineering Science and Technology, Shibpur","Information Technology (4 Years, Bachelor of Technology)",OS,OPEN,Female-only (including Supernumerary),16552,19381
"Indian Institute of Engineering Science and Technology, Shibpur","Information Technology (4 Years, Bachelor of Technology)",OS,Open (PwD),Gender-Neutral,1731,1731
"Indian Institute of Engineering Science and Technology, Shibpur","Information Technology (4 Years, Bachelor of Technology)",OS,OBC-NCL,Gender-Neutral,4854,5933
"Indian Institute of Engineering Science and Technology, Shibpur","Information Technology (4 Years, Bachelor of Technology)",OS,OBC-NCL,Female-only (including Supernumerary),9274,9274
"Indian Institute of Engineering Science and Technology, Shibpur","Information Technology (4 Years, Bachelor of Technology)",OS,SC,Gender-Neutral,2723,4598
"Indian Institute of Engineering Science and Technology, Shibpur","Information Technology (4 Years, Bachelor of Technology)",OS,SC,Female-only (including Supernumerary),8434,8434
"Indian Institute of Engineering Science and Technology, Shibpur","Information Technology (4 Years, Bachelor of Technology)",OS,ST,Gender-Neutral,2134,2264
"Indian Institute of Engineering Science and Technology, Shibpur","Information Technology (4 Years, Bachelor of Technology)",OS,ST,Female-only (including Supernumerary),5706,5706
"Indian Institute of Engineering Science and Technology, Shibpur","Mechanical Engineering (4 Years, Bachelor of Technology)",HS,OPEN,Gender-Neutral,17838,21896
"Indian Institute of Engineering Science and Technology, Shibpur","Mechanical Engineering (4 Years, Bachelor of Technology)",HS,OPEN,Female-only (including Supernumerary),20706,32121
"Indian Institute of Engineering Science and Technology, Shibpur","Mechanical Engineering (4 Years, Bachelor of Technology)",HS,OBC-NCL,Gender-Neutral,5794,25621
"Indian Institute of Engineering Science and Technology, Shibpur","Mechanical Engineering (4 Years, Bachelor of Technology)",HS,OBC-NCL,Female-only (including Supernumerary),28109,28109
"Indian Institute of Engineering Science and Technology, Shibpur","Mechanical Engineering (4 Years, Bachelor of Technology)",HS,SC,Gender-Neutral,2195,3192
"Indian Institute of Engineering Science and Technology, Shibpur","Mechanical Engineering (4 Years, Bachelor of Technology)",HS,ST,Gender-Neutral,1207,1327
"Indian Institute of Engineering Science and Technology, Shibpur","Mechanical Engineering (4 Years, Bachelor of Technology)",HS,ST,Female-only (including Supernumerary),34142,34142
"Indian Institute of Engineering Science and Technology, Shibpur","Mechanical Engineering (4 Years, Bachelor of Technology)",OS,OPEN,Gender-Neutral,13080,20844
"Indian Institute of Engineering Science and Technology, Shibpur","Mechanical Engineering (4 Years, Bachelor of Technology)",OS,OPEN,Female-only (including Supernumerary),23196,26541
"Indian Institute of Engineering Science and Technology, Shibpur","Mechanical Engineering (4 Years, Bachelor of Technology)",OS,OBC-NCL,Gender-Neutral,5628,7077
"Indian Institute of Engineering Science and Technology, Shibpur","Mechanical Engineering (4 Years, Bachelor of Technology)",OS,OBC-NCL,Female-only (including Supernumerary),12374,16628
"Indian Institute of Engineering Science and Technology, Shibpur","Mechanical Engineering (4 Years, Bachelor of Technology)",OS,SC,Gender-Neutral,2641,4482
"Indian Institute of Engineering Science and Technology, Shibpur","Mechanical Engineering (4 Years, Bachelor of Technology)",OS,SC,Female-only (including Supernumerary),3450,3450
"Indian Institute of Engineering Science and Technology, Shibpur","Mechanical Engineering (4 Years, Bachelor of Technology)",OS,ST,Gender-Neutral,753,1781
"Indian Institute of Engineering Science and Technology, Shibpur","Metallurgy and Materials Engineering (4 Years, Bachelor of Technology)",HS,OPEN,Gender-Neutral,23749,37217
"Indian Institute of Engineering Science and Technology, Shibpur","Metallurgy and Materials Engineering (4 Years, Bachelor of Technology)",HS,OPEN,Female-only (including Supernumerary),46801,46801
"Indian Institute of Engineering Science and Technology, Shibpur","Metallurgy and Materials Engineering (4 Years, Bachelor of Technology)",HS,Open (PwD),Gender-Neutral,1308,1308
"Indian Institute of Engineering Science and Technology, Shibpur","Metallurgy and Materials Engineering (4 Years, Bachelor of Technology)",HS,OBC-NCL,Gender-Neutral,26566,54533
"Indian Institute of Engineering Science and Technology, Shibpur","Metallurgy and Materials Engineering (4 Years, Bachelor of Technology)",HS,OBC-NCL,Female-only (including Supernumerary),29058,29058
"Indian Institute of Engineering Science and Technology, Shibpur","Metallurgy and Materials Engineering (4 Years, Bachelor of Technology)",HS,SC,Gender-Neutral,4178,4588
"Indian Institute of Engineering Science and Technology, Shibpur","Metallurgy and Materials Engineering (4 Years, Bachelor of Technology)",HS,SC,Female-only (including Supernumerary),6627,6627
"Indian Institute of Engineering Science and Technology, Shibpur","Metallurgy and Materials Engineering (4 Years, Bachelor of Technology)",HS,ST,Gender-Neutral,26538,26538
"Indian Institute of Engineering Science and Technology, Shibpur","Metallurgy and Materials Engineering (4 Years, Bachelor of Technology)",OS,OPEN,Gender-Neutral,26575,35030
"Indian Institute of Engineering Science and Technology, Shibpur","Metallurgy and Materials Engineering (4 Years, Bachelor of Technology)",OS,OPEN,Female-only (including Supernumerary),26630,33278
"Indian Institute of Engineering Science and Technology, Shibpur","Metallurgy and Materials Engineering (4 Years, Bachelor of Technology)",OS,OBC-NCL,Gender-Neutral,10626,12076
"Indian Institute of Engineering Science and Technology, Shibpur","Metallurgy and Materials Engineering (4 Years, Bachelor of Technology)",OS,OBC-NCL,Female-only (including Supernumerary),16636,16636
"Indian Institute of Engineering Science and Technology, Shibpur","Metallurgy and Materials Engineering (4 Years, Bachelor of Technology)",OS,SC,Gender-Neutral,7753,8655
"Indian Institute of Engineering Science and Technology, Shibpur","Metallurgy and Materials Engineering (4 Years, Bachelor of Technology)",OS,ST,Gender-Neutral,3969,4161
"Indian Institute of Engineering Science and Technology, Shibpur","Mining Engineering (4 Years, Bachelor of Technology)",HS,OPEN,Gender-Neutral,33621,40008
"Indian Institute of Engineering Science and Technology, Shibpur","Mining Engineering (4 Years, Bachelor of Technology)",HS,OPEN,Female-only (including Supernumerary),41196,41196
"Indian Institute of Engineering Science and Technology, Shibpur","Mining Engineering (4 Years, Bachelor of Technology)",HS,OBC-NCL,Gender-Neutral,17765,44415
"Indian Institute of Engineering Science and Technology, Shibpur","Mining Engineering (4 Years, Bachelor of Technology)",HS,OBC-NCL,Female-only (including Supernumerary),63698,63698
"Indian Institute of Engineering Science and Technology, Shibpur","Mining Engineering (4 Years, Bachelor of Technology)",HS,SC,Gender-Neutral,4996,5506
"Indian Institute of Engineering Science and Technology, Shibpur","Mining Engineering (4 Years, Bachelor of Technology)",HS,SC,Female-only (including Supernumerary),11067,11067
"Indian Institute of Engineering Science and Technology, Shibpur","Mining Engineering (4 Years, Bachelor of Technology)",HS,ST,Gender-Neutral,16456,16456
"Indian Institute of Engineering Science and Technology, Shibpur","Mining Engineering (4 Years, Bachelor of Technology)",OS,OPEN,Gender-Neutral,26677,36714
"Indian Institute of Engineering Science and Technology, Shibpur","Mining Engineering (4 Years, Bachelor of Technology)",OS,OPEN,Female-only (including Supernumerary),40301,45413
"Indian Institute of Engineering Science and Technology, Shibpur","Mining Engineering (4 Years, Bachelor of Technology)",OS,OBC-NCL,Gender-Neutral,10527,12646
"Indian Institute of Engineering Science and Technology, Shibpur","Mining Engineering (4 Years, Bachelor of Technology)",OS,OBC-NCL,Female-only (including Supernumerary),18706,18706
"Indian Institute of Engineering Science and Technology, Shibpur","Mining Engineering (4 Years, Bachelor of Technology)",OS,SC,Gender-Neutral,4928,6427
"Indian Institute of Engineering Science and Technology, Shibpur","Mining Engineering (4 Years, Bachelor of Technology)",OS,ST,Gender-Neutral,2479,2479
HNB Garhwal University Srinagar (Garhwal),"Computer Science and Engineering (4 Years, Bachelor of Technology)",AI,OPEN,Gender-Neutral,33441,46053
HNB Garhwal University Srinagar (Garhwal),"Computer Science and Engineering (4 Years, Bachelor of Technology)",AI,OPEN,Female-only (including Supernumerary),42006,50030
HNB Garhwal University Srinagar (Garhwal),"Computer Science and Engineering (4 Years, Bachelor of Technology)",AI,Open (PwD),Gender-Neutral,3021,3021
HNB Garhwal University Srinagar (Garhwal),"Computer Science and Engineering (4 Years, Bachelor of Technology)",AI,OBC-NCL,Gender-Neutral,14646,15736
HNB Garhwal University Srinagar (Garhwal),"Computer Science and Engineering (4 Years, Bachelor of Technology)",AI,OBC-NCL,Female-only (including Supernumerary),19021,19574
HNB Garhwal University Srinagar (Garhwal),"Computer Science and Engineering (4 Years, Bachelor of Technology)",AI,SC,Gender-Neutral,9359,9702
HNB Garhwal University Srinagar (Garhwal),"Computer Science and Engineering (4 Years, Bachelor of Technology)",AI,SC,Female-only (including Supernumerary),10789,10789
HNB Garhwal University Srinagar (Garhwal),"Computer Science and Engineering (4 Years, Bachelor of Technology)",AI,ST,Gender-Neutral,2545,2545
HNB Garhwal University Srinagar (Garhwal),"Electrical and Instrumentation Engineering (4 Years, Bachelor of Technology)",AI,OPEN,Gender-Neutral,56505,57765
HNB Garhwal University Srinagar (Garhwal),"Electrical and Instrumentation Engineering (4 Years, Bachelor of Technology)",AI,OPEN,Female-only (including Supernumerary),56538,57682
HNB Garhwal University Srinagar (Garhwal),"Electrical and Instrumentation Engineering (4 Years, Bachelor of Technology)",AI,OBC-NCL,Gender-Neutral,18283,18605
HNB Garhwal University Srinagar (Garhwal),"Electrical and Instrumentation Engineering (4 Years, Bachelor of Technology)",AI,OBC-NCL,Female-only (including Supernumerary),21268,21268
HNB Garhwal University Srinagar (Garhwal),"Electrical and Instrumentation Engineering (4 Years, Bachelor of Technology)",AI,SC,Gender-Neutral,9033,12022
HNB Garhwal University Srinagar (Garhwal),"Electrical and Instrumentation Engineering (4 Years, Bachelor of Technology)",AI,SC,Female-only (including Supernumerary),12733,12733
HNB Garhwal University Srinagar (Garhwal),"Electrical and Instrumentation Engineering (4 Years, Bachelor of Technology)",AI,ST,Gender-Neutral,7417,7417
HNB Garhwal University Srinagar (Garhwal),"Electronics and Communication Engineering (4 Years, Bachelor of Technology)",AI,OPEN,Gender-Neutral,48287,57323
HNB Garhwal University Srinagar (Garhwal),"Electronics and Communication Engineering (4 Years, Bachelor of Technology)",AI,OPEN,Female-only (including Supernumerary),56167,56733
HNB Garhwal University Srinagar (Garhwal),"Electronics and Communication Engineering (4 Years, Bachelor of Technology)",AI,OBC-NCL,Gender-Neutral,16945,17852
HNB Garhwal University Srinagar (Garhwal),"Electronics and Communication Engineering (4 Years, Bachelor of Technology)",AI,OBC-NCL,Female-only (including Supernumerary),19785,20990
HNB Garhwal University Srinagar (Garhwal),"Electronics and Communication Engineering (4 Years, Bachelor of Technology)",AI,SC,Gender-Neutral,10541,11011
HNB Garhwal University Srinagar (Garhwal),"Electronics and Communication Engineering (4 Years, Bachelor of Technology)",AI,SC,Female-only (including Supernumerary),12332,12332
HNB Garhwal University Srinagar (Garhwal),"Electronics and Communication Engineering (4 Years, Bachelor of Technology)",AI,ST,Gender-Neutral,5614,5614
HNB Garhwal University Srinagar (Garhwal),"Information Technology (4 Years, Bachelor of Technology)",AI,OPEN,Gender-Neutral,49719,54335
HNB Garhwal University Srinagar (Garhwal),"Information Technology (4 Years, Bachelor of Technology)",AI,OPEN,Female-only (including Supernumerary),55495,55926
HNB Garhwal University Srinagar (Garhwal),"Information Technology (4 Years, Bachelor of Technology)",AI,OBC-NCL,Gender-Neutral,17599,18113
HNB Garhwal University Srinagar (Garhwal),"Information Technology (4 Years, Bachelor of Technology)",AI,OBC-NCL,Female-only (including Supernumerary),21226,21226
HNB Garhwal University Srinagar (Garhwal),"Information Technology (4 Years, Bachelor of Technology)",AI,SC,Gender-Neutral,7808,11944
HNB Garhwal University Srinagar (Garhwal),"Information Technology (4 Years, Bachelor of Technology)",AI,ST,Gender-Neutral,7371,7371
HNB Garhwal University Srinagar (Garhwal),"Mechanical Engineering (4 Years, Bachelor of Technology)",AI,OPEN,Gender-Neutral,39964,54955
HNB Garhwal University Srinagar (Garhwal),"Mechanical Engineering (4 Years, Bachelor of Technology)",AI,OPEN,Female-only (including Supernumerary),59476,59763
HNB Garhwal University Srinagar (Garhwal),"Mechanical Engineering (4 Years, Bachelor of Technology)",AI,OBC-NCL,Gender-Neutral,16748,18060
HNB Garhwal University Srinagar (Garhwal),"Mechanical Engineering (4 Years, Bachelor of Technology)",AI,OBC-NCL,Female-only (including Supernumerary),21128,21128
HNB Garhwal University Srinagar (Garhwal),"Mechanical Engineering (4 Years, Bachelor of Technology)",AI,SC,Gender-Neutral,11790,11790
HNB Garhwal University Srinagar (Garhwal),"Mechanical Engineering (4 Years, Bachelor of Technology)",AI,SC,Female-only (including Supernumerary),12364,12364
HNB Garhwal University Srinagar (Garhwal),"Mechanical Engineering (4 Years, Bachelor of Technology)",AI,ST,Gender-Neutral,7240,7240
"International Institute of Information Technology, Naya Raipur","Computer Science and Engineering (4 Years, Bachelor of Technology)",AI,OPEN,Gender-Neutral,15469,22882
"International Institute of Information Technology, Naya Raipur","Computer Science and Engineering (4 Years, Bachelor of Technology)",AI,Open (PwD),Gender-Neutral,1928,1928
"International Institute of Information Technology, Naya Raipur","Computer Science and Engineering (4 Years, Bachelor of Technology)",AI,OBC-NCL,Gender-Neutral,6264,8896
"International Institute of Information Technology, Naya Raipur","Computer Science and Engineering (4 Years, Bachelor of Technology)",AI,SC,Gender-Neutral,4773,6013
"International Institute of Information Technology, Naya Raipur","Computer Science and Engineering (4 Years, Bachelor of Technology)",AI,ST,Gender-Neutral,2956,3214
"International Institute of Information Technology, Naya Raipur","Electronics and Communication Engineering (4 Years, Bachelor of Technology)",AI,OPEN,Gender-Neutral,23030,29707
"International Institute of Information Technology, Naya Raipur","Electronics and Communication Engineering (4 Years, Bachelor of Technology)",AI,OBC-NCL,Gender-Neutral,9580,11968
"International Institute of Information Technology, Naya Raipur","Electronics and Communication Engineering (4 Years, Bachelor of Technology)",AI,SC,Gender-Neutral,7151,7633
"International Institute of Information Technology, Naya Raipur","Electronics and Communication Engineering (4 Years, Bachelor of Technology)",AI,ST,Gender-Neutral,3759,4107
University of Hyderabad,"Computer Science (5 Years, Integrated Master of Technology)",AI,OPEN,Gender-Neutral,10022,14717
University of Hyderabad,"Computer Science (5 Years, Integrated Master of Technology)",AI,Open (PwD),Gender-Neutral,329,329
University of Hyderabad,"Computer Science (5 Years, Integrated Master of Technology)",AI,OBC-NCL,Gender-Neutral,3309,5885
University of Hyderabad,"Computer Science (5 Years, Integrated Master of Technology)",AI,SC,Gender-Neutral,287,2586
University of Hyderabad,"Computer Science (5 Years, Integrated Master of Technology)",AI,ST,Gender-Neutral,1502,1502
"Punjab Engineering College, Chandigarh","Aerospace Engineering (4 Years, Bachelor of Technology)",HS,OPEN,Gender-Neutral,15736,37062
"Punjab Engineering College, Chandigarh","Aerospace Engineering (4 Years, Bachelor of Technology)",HS,Open (PwD),Gender-Neutral,3004,3004
"Punjab Engineering College, Chandigarh","Aerospace Engineering (4 Years, Bachelor of Technology)",HS,SC,Gender-Neutral,1680,5684
"Punjab Engineering College, Chandigarh","Aerospace Engineering (4 Years, Bachelor of Technology)",OS,OPEN,Gender-Neutral,4900,17693
"Punjab Engineering College, Chandigarh","Aerospace Engineering (4 Years, Bachelor of Technology)",OS,Open (PwD),Gender-Neutral,259,259
"Punjab Engineering College, Chandigarh","Aerospace Engineering (4 Years, Bachelor of Technology)",OS,SC,Gender-Neutral,2818,4514
"Punjab Engineering College, Chandigarh","Aerospace Engineering (4 Years, Bachelor of Technology)",OS,ST,Gender-Neutral,1170,1586
"Punjab Engineering College, Chandigarh","Civil Engineering (4 Years, Bachelor of Technology)",HS,OPEN,Gender-Neutral,19498,50516
"Punjab Engineering College, Chandigarh","Civil Engineering (4 Years, Bachelor of Technology)",HS,SC,Gender-Neutral,5818,13630
"Punjab Engineering College, Chandigarh","Civil Engineering (4 Years, Bachelor of Technology)",OS,OPEN,Gender-Neutral,9922,31078
"Punjab Engineering College, Chandigarh","Civil Engineering (4 Years, Bachelor of Technology)",OS,Open (PwD),Gender-Neutral,2440,2440
"Punjab Engineering College, Chandigarh","Civil Engineering (4 Years, Bachelor of Technology)",OS,SC,Gender-Neutral,3304,6703
"Punjab Engineering College, Chandigarh","Civil Engineering (4 Years, Bachelor of Technology)",OS,ST,Gender-Neutral,1290,1944
"Punjab Engineering College, Chandigarh","Computer Science and Engineering (4 Years, Bachelor of Technology)",HS,OPEN,Gender-Neutral,1958,11378
"Punjab Engineering College, Chandigarh","Computer Science and Engineering (4 Years, Bachelor of Technology)",HS,Open (PwD),Gender-Neutral,569,1573
"Punjab Engineering College, Chandigarh","Computer Science and Engineering (4 Years, Bachelor of Technology)",HS,SC,Gender-Neutral,450,2049
"Punjab Engineering College, Chandigarh","Computer Science and Engineering (4 Years, Bachelor of Technology)",OS,OPEN,Gender-Neutral,4081,8432
"Punjab Engineering College, Chandigarh","Computer Science and Engineering (4 Years, Bachelor of Technology)",OS,Open (PwD),Gender-Neutral,241,381
"Punjab Engineering College, Chandigarh","Computer Science and Engineering (4 Years, Bachelor of Technology)",OS,SC,Gender-Neutral,214,2462
"Punjab Engineering College, Chandigarh","Computer Science and Engineering (4 Years, Bachelor of Technology)",OS,S.C.(PwD),Gender-Neutral,234,234
"Punjab Engineering College, Chandigarh","Computer Science and Engineering (4 Years, Bachelor of Technology)",OS,ST,Gender-Neutral,1745,2131
"Punjab Engineering College, Chandigarh","Electrical Engineering (4 Years, Bachelor of Technology)",HS,OPEN,Gender-Neutral,17947,35490
"Punjab Engineering College, Chandigarh","Electrical Engineering (4 Years, Bachelor of Technology)",HS,SC,Gender-Neutral,3059,11262
"Punjab Engineering College, Chandigarh","Electrical Engineering (4 Years, Bachelor of Technology)",OS,OPEN,Gender-Neutral,12432,20862
"Punjab Engineering College, Chandigarh","Electrical Engineering (4 Years, Bachelor of Technology)",OS,Open (PwD),Gender-Neutral,1178,2127
"Punjab Engineering College, Chandigarh","Electrical Engineering (4 Years, Bachelor of Technology)",OS,SC,Gender-Neutral,1098,6031
"Punjab Engineering College, Chandigarh","Electrical Engineering (4 Years, Bachelor of Technology)",OS,ST,Gender-Neutral,1697,2304
"Punjab Engineering College, Chandigarh","Electronics and Communication Engineering (4 Years, Bachelor of Technology)",HS,OPEN,Gender-Neutral,9277,17523
"Punjab Engineering College, Chandigarh","Electronics and Communication Engineering (4 Years, Bachelor of Technology)",HS,SC,Gender-Neutral,1209,3001
"Punjab Engineering College, Chandigarh","Electronics and Communication Engineering (4 Years, Bachelor of Technology)",OS,OPEN,Gender-Neutral,8662,15024
"Punjab Engineering College, Chandigarh","Electronics and Communication Engineering (4 Years, Bachelor of Technology)",OS,SC,Gender-Neutral,2722,4820
"Punjab Engineering College, Chandigarh","Electronics and Communication Engineering (4 Years, Bachelor of Technology)",OS,ST,Gender-Neutral,3648,3892
"Punjab Engineering College, Chandigarh","Materials and Metallurgical Engineering (4 Years, Bachelor of Technology)",HS,OPEN,Gender-Neutral,44356,61909
"Punjab Engineering College, Chandigarh","Materials and Metallurgical Engineering (4 Years, Bachelor of Technology)",HS,SC,Gender-Neutral,16235,22372
"Punjab Engineering College, Chandigarh","Materials and Metallurgical Engineering (4 Years, Bachelor of Technology)",OS,OPEN,Gender-Neutral,29907,41215
"Punjab Engineering College, Chandigarh","Materials and Metallurgical Engineering (4 Years, Bachelor of Technology)",OS,SC,Gender-Neutral,8944,11115
"Punjab Engineering College, Chandigarh","Materials and Metallurgical Engineering (4 Years, Bachelor of Technology)",OS,ST,Gender-Neutral,5889,5889
"Punjab Engineering College, Chandigarh","Mechanical Engineering (4 Years, Bachelor of Technology)",HS,OPEN,Gender-Neutral,7259,32505
"Punjab Engineering College, Chandigarh","Mechanical Engineering (4 Years, Bachelor of Technology)",HS,SC,Gender-Neutral,3387,9989
"Punjab Engineering College, Chandigarh","Mechanical Engineering (4 Years, Bachelor of Technology)",OS,OPEN,Gender-Neutral,8076,22535
"Punjab Engineering College, Chandigarh","Mechanical Engineering (4 Years, Bachelor of Technology)",OS,SC,Gender-Neutral,3316,6344
"Punjab Engineering College, Chandigarh","Mechanical Engineering (4 Years, Bachelor of Technology)",OS,ST,Gender-Neutral,3026,3226
"Punjab Engineering College, Chandigarh","Production and Industrial Engineering (4 Years, Bachelor of Technology)",HS,OPEN,Gender-Neutral,37968,53950
"Punjab Engineering College, Chandigarh","Production and Industrial Engineering (4 Years, Bachelor of Technology)",HS,SC,Gender-Neutral,12052,16075
"Punjab Engineering College, Chandigarh","Production and Industrial Engineering (4 Years, Bachelor of Technology)",OS,OPEN,Gender-Neutral,23447,33906
"Punjab Engineering College, Chandigarh","Production and Industrial Engineering (4 Years, Bachelor of Technology)",OS,SC,Gender-Neutral,8696,9589
"Punjab Engineering College, Chandigarh","Production and Industrial Engineering (4 Years, Bachelor of Technology)",OS,ST,Gender-Neutral,6183,6183
"Jawaharlal Nehru University, Delhi","Computer Science and Engineering (5 Years, Bachelor and Master of Technology (Dual Degree))",AI,OPEN,Gender-Neutral,9132,20595
"Jawaharlal Nehru University, Delhi","Computer Science and Engineering (5 Years, Bachelor and Master of Technology (Dual Degree))",AI,Open (PwD),Gender-Neutral,978,978
"Jawaharlal Nehru University, Delhi","Computer Science and Engineering (5 Years, Bachelor and Master of Technology (Dual Degree))",AI,OBC-NCL,Gender-Neutral,6012,8172
"Jawaharlal Nehru University, Delhi","Computer Science and Engineering (5 Years, Bachelor and Master of Technology (Dual Degree))",AI,OBC-NCL (PwD),Gender-Neutral,1241,1241
"Jawaharlal Nehru University, Delhi","Computer Science and Engineering (5 Years, Bachelor and Master of Technology (Dual Degree))",AI,SC,Gender-Neutral,1106,4869
"Jawaharlal Nehru University, Delhi","Computer Science and Engineering (5 Years, Bachelor and Master of Technology (Dual Degree))",AI,ST,Gender-Neutral,378,2369
"Jawaharlal Nehru University, Delhi","Electronics and Communication Engineering (5 Years, Bachelor and Master of Technology (Dual Degree))",AI,OPEN,Gender-Neutral,15527,26417
"Jawaharlal Nehru University, Delhi","Electronics and Communication Engineering (5 Years, Bachelor and Master of Technology (Dual Degree))",AI,Open (PwD),Gender-Neutral,1239,1239
"Jawaharlal Nehru University, Delhi","Electronics and Communication Engineering (5 Years, Bachelor and Master of Technology (Dual Degree))",AI,OBC-NCL,Gender-Neutral,8218,9520
"Jawaharlal Nehru University, Delhi","Electronics and Communication Engineering (5 Years, Bachelor and Master of Technology (Dual Degree))",AI,SC,Gender-Neutral,4552,7601
"Jawaharlal Nehru University, Delhi","Electronics and Communication Engineering (5 Years, Bachelor and Master of Technology (Dual Degree))",AI,ST,Gender-Neutral,2585,3693
"International Institute of Information Technology, Bhubaneswar","Computer Engineering (4 Years, Bachelor of Technology)",AI,OPEN,Gender-Neutral,21617,30743
"International Institute of Information Technology, Bhubaneswar","Computer Science and Engineering (4 Years, Bachelor of Technology)",AI,OPEN,Gender-Neutral,8844,24209
"International Institute of Information Technology, Bhubaneswar","Electrical and Electronics Engineering (4 Years, Bachelor of Technology)",AI,OPEN,Gender-Neutral,10965,38378
"International Institute of Information Technology, Bhubaneswar","Electronics and Telecommunication Engineering (4 Years, Bachelor of Technology)",AI,OPEN,Gender-Neutral,17391,37607
"International Institute of Information Technology, Bhubaneswar","Information Technology (4 Years, Bachelor of Technology)",AI,OPEN,Gender-Neutral,21663,33925